Method,RMSE,T-AUROC,Brier,CausalCalibration,InterventionIntegrity,TrainTime,InferenceTime
Mean,0.6919778994909543,0.5,0.16234337839231552,0.6919778994909543,0.0,0.0009467601776123047,0.005899190902709961
LOCF,0.5879734762992133,0.5978996042480959,0.20109563681291803,0.5879734762992133,0.0,2.1457672119140625e-06,0.018780231475830078
SSMimpute,0.49902077843510906,0.6982782590829709,0.18543236112524494,0.49902077843510906,0.0,6.198883056640625e-06,0.06533980369567871
DSC-Method (Upgraded),0.7959277616861145,0.5088241912523663,0.17234752332988099,0.7959277616861145,0.0,632.3270654678345,1.2460358142852783
