Method,RMSE,T-AUROC,Brier
Mean,0.653350257894135,0.5,0.24517562303184107
LOCF,0.19507576810258112,0.9751161334098858,0.1933875642095492
SSMimpute,0.11481575511557458,0.9907093272091445,0.19373936671217293
DSC-Method,0.32008647235880744,0.9209509890912887,0.21029382050942072
